<?xml version="1.0" encoding="utf-8" ?>
<dwsync>
<file name="blkpearl.gif" server="D:/Programas/xampp2/htdocs/york/repopdf/" local="130573475142250200" remote="130573475140000000" Dst="0" />
<file name="bluarrow.gif" server="D:/Programas/xampp2/htdocs/york/repopdf/" local="130573475142260207" remote="130573475140000000" Dst="0" />
<file name="bluball.gif" server="D:/Programas/xampp2/htdocs/york/repopdf/" local="130573475142280220" remote="130573475140000000" Dst="0" />
<file name="bludiamd.gif" server="D:/Programas/xampp2/htdocs/york/repopdf/" local="130573475142290227" remote="130573475140000000" Dst="0" />
<file name="bluered.gif" server="D:/Programas/xampp2/htdocs/york/repopdf/" local="130573475142310232" remote="130573475140000000" Dst="0" />
<file name="blusqare.gif" server="D:/Programas/xampp2/htdocs/york/repopdf/" local="130573475142330245" remote="130573475140000000" Dst="0" />
<file name="blustar.gif" server="D:/Programas/xampp2/htdocs/york/repopdf/" local="130573475142360265" remote="130573475140000000" Dst="0" />
<file name="coffee_1.gif" server="D:/Programas/xampp2/htdocs/york/repopdf/" local="130573475142380278" remote="130573475140000000" Dst="0" />
<file name="coffee_2.gif" server="D:/Programas/xampp2/htdocs/york/repopdf/" local="130573475142400291" remote="130573475140000000" Dst="0" />
<file name="coffee_3.gif" server="D:/Programas/xampp2/htdocs/york/repopdf/" local="130573475142410298" remote="130573475140000000" Dst="0" />
<file name="coffee_4.gif" server="D:/Programas/xampp2/htdocs/york/repopdf/" local="130573475142430311" remote="130573475140000000" Dst="0" />
<file name="coffee_5.gif" server="D:/Programas/xampp2/htdocs/york/repopdf/" local="130573475142450316" remote="130573475140000000" Dst="0" />
<file name="con-blue.gif" server="D:/Programas/xampp2/htdocs/york/repopdf/" local="130573475142460331" remote="130573475140000000" Dst="0" />
<file name="con-cyan.gif" server="D:/Programas/xampp2/htdocs/york/repopdf/" local="130573475142480344" remote="130573475140000000" Dst="0" />
<file name="con-green.gif" server="D:/Programas/xampp2/htdocs/york/repopdf/" local="130573475142500349" remote="130573475140000000" Dst="0" />
<file name="con-lilac.gif" server="D:/Programas/xampp2/htdocs/york/repopdf/" local="130573475142510368" remote="130573475140000000" Dst="0" />
<file name="con-oran.gif" server="D:/Programas/xampp2/htdocs/york/repopdf/" local="130573475142530377" remote="130573475140000000" Dst="0" />
<file name="con-pink.gif" server="D:/Programas/xampp2/htdocs/york/repopdf/" local="130573475142550391" remote="130573475140000000" Dst="0" />
<file name="con-red.gif" server="D:/Programas/xampp2/htdocs/york/repopdf/" local="130573475142560397" remote="130573475140000000" Dst="0" />
<file name="con-yellow.gif" server="D:/Programas/xampp2/htdocs/york/repopdf/" local="130573475142580398" remote="130573475140000000" Dst="0" />
<file name="corner_1.gif" server="D:/Programas/xampp2/htdocs/york/repopdf/" local="130573475142600411" remote="130573475140000000" Dst="0" />
<file name="corner_2.gif" server="D:/Programas/xampp2/htdocs/york/repopdf/" local="130573475142620433" remote="130573475140000000" Dst="0" />
<file name="corner_3.gif" server="D:/Programas/xampp2/htdocs/york/repopdf/" local="130573475142630440" remote="130573475140000000" Dst="0" />
<file name="corner_4.gif" server="D:/Programas/xampp2/htdocs/york/repopdf/" local="130573475142650453" remote="130573475140000000" Dst="0" />
<file name="darkball.gif" server="D:/Programas/xampp2/htdocs/york/repopdf/" local="130573475142660459" remote="130573475140000000" Dst="0" />
<file name="darkblue.gif" server="D:/Programas/xampp2/htdocs/york/repopdf/" local="130573475142680486" remote="130573475140000000" Dst="0" />
<file name="gldpearl.gif" server="D:/Programas/xampp2/htdocs/york/repopdf/" local="130573475142700490" remote="130573475140000000" Dst="0" />
<file name="golfball.gif" server="D:/Programas/xampp2/htdocs/york/repopdf/" local="130573475142710505" remote="130573475140000000" Dst="0" />
<file name="grnarrow.gif" server="D:/Programas/xampp2/htdocs/york/repopdf/" local="130573475142730519" remote="130573475140000000" Dst="0" />
<file name="grnball.gif" server="D:/Programas/xampp2/htdocs/york/repopdf/" local="130573475142750523" remote="130573475140000000" Dst="0" />
<file name="grndiamd.gif" server="D:/Programas/xampp2/htdocs/york/repopdf/" local="130573475142760530" remote="130573475140000000" Dst="0" />
<file name="grnpearl.gif" server="D:/Programas/xampp2/htdocs/york/repopdf/" local="130573475142790546" remote="130573475140000000" Dst="0" />
<file name="grnsqare.gif" server="D:/Programas/xampp2/htdocs/york/repopdf/" local="130573475142810559" remote="130573475140000000" Dst="0" />
<file name="grnstar.gif" server="D:/Programas/xampp2/htdocs/york/repopdf/" local="130573475142830572" remote="130573475140000000" Dst="0" />
<file name="gryarrow.gif" server="D:/Programas/xampp2/htdocs/york/repopdf/" local="130573475142850585" remote="130573475140000000" Dst="0" />
<file name="gryball.gif" server="D:/Programas/xampp2/htdocs/york/repopdf/" local="130573475142860592" remote="130573475140000000" Dst="0" />
<file name="grydiamd.gif" server="D:/Programas/xampp2/htdocs/york/repopdf/" local="130573475142880605" remote="130573475140000000" Dst="0" />
<file name="grysqare.gif" server="D:/Programas/xampp2/htdocs/york/repopdf/" local="130573475142890612" remote="130573475140000000" Dst="0" />
<file name="grystar.gif" server="D:/Programas/xampp2/htdocs/york/repopdf/" local="130573475142910625" remote="130573475140000000" Dst="0" />
<file name="orgarrow.gif" server="D:/Programas/xampp2/htdocs/york/repopdf/" local="130573475142930651" remote="130573475140000000" Dst="0" />
<file name="orgball.gif" server="D:/Programas/xampp2/htdocs/york/repopdf/" local="130573475142940662" remote="130573475140000000" Dst="0" />
<file name="orgdiamd.gif" server="D:/Programas/xampp2/htdocs/york/repopdf/" local="130573475142960663" remote="130573475140000000" Dst="0" />
<file name="orgsqare.gif" server="D:/Programas/xampp2/htdocs/york/repopdf/" local="130573475142980672" remote="130573475140000000" Dst="0" />
<file name="orgstar.gif" server="D:/Programas/xampp2/htdocs/york/repopdf/" local="130573475143000681" remote="130573475140000000" Dst="0" />
<file name="pebble_1.gif" server="D:/Programas/xampp2/htdocs/york/repopdf/" local="130573475143010696" remote="130573475140000000" Dst="0" />
<file name="pebble_2.gif" server="D:/Programas/xampp2/htdocs/york/repopdf/" local="130573475143030705" remote="130573475140000000" Dst="0" />
<file name="pebble_3.gif" server="D:/Programas/xampp2/htdocs/york/repopdf/" local="130573475143050718" remote="130573475140000000" Dst="0" />
<file name="poliball.gif" server="D:/Programas/xampp2/htdocs/york/repopdf/" local="130573475143060725" remote="130573475140000000" Dst="0" />
<file name="popcorn_1.gif" server="D:/Programas/xampp2/htdocs/york/repopdf/" local="130573475143080751" remote="130573475140000000" Dst="0" />
<file name="popcorn_2.gif" server="D:/Programas/xampp2/htdocs/york/repopdf/" local="130573475143100764" remote="130573475140000000" Dst="0" />
<file name="rainbow.gif" server="D:/Programas/xampp2/htdocs/york/repopdf/" local="130573475143120769" remote="130573475140000000" Dst="0" />
<file name="redarrow.gif" server="D:/Programas/xampp2/htdocs/york/repopdf/" local="130573475143140782" remote="130573475140000000" Dst="0" />
<file name="redball.gif" server="D:/Programas/xampp2/htdocs/york/repopdf/" local="130573475143160791" remote="130573475140000000" Dst="0" />
<file name="reddiamd.gif" server="D:/Programas/xampp2/htdocs/york/repopdf/" local="130573475143170798" remote="130573475140000000" Dst="0" />
<file name="redsqare.gif" server="D:/Programas/xampp2/htdocs/york/repopdf/" local="130573475143190811" remote="130573475140000000" Dst="0" />
<file name="redstar.gif" server="D:/Programas/xampp2/htdocs/york/repopdf/" local="130573475143210824" remote="130573475140000000" Dst="0" />
<file name="whtpearl.gif" server="D:/Programas/xampp2/htdocs/york/repopdf/" local="130573475143220831" remote="130573475140000000" Dst="0" />
<file name="ylwarrow.gif" server="D:/Programas/xampp2/htdocs/york/repopdf/" local="130573475143240844" remote="130573475140000000" Dst="0" />
<file name="ylwball.gif" server="D:/Programas/xampp2/htdocs/york/repopdf/" local="130573475143260870" remote="130573475140000000" Dst="0" />
<file name="ylwdiamd.gif" server="D:/Programas/xampp2/htdocs/york/repopdf/" local="130573475143270877" remote="130573475140000000" Dst="0" />
<file name="ylwsqare.gif" server="D:/Programas/xampp2/htdocs/york/repopdf/" local="130573475143290890" remote="130573475140000000" Dst="0" />
<file name="ylwstar.gif" server="D:/Programas/xampp2/htdocs/york/repopdf/" local="130573475143310908" remote="130573475140000000" Dst="0" />
<file name="blkpearl.gif" server="10.236.2.139/pdfs/" local="130573475142250200" remote="131544601200000000" Dst="0" />
<file name="bluarrow.gif" server="10.236.2.139/pdfs/" local="130573475142260207" remote="131544601200000000" Dst="0" />
<file name="bluball.gif" server="10.236.2.139/pdfs/" local="130573475142280220" remote="131544601200000000" Dst="0" />
<file name="bludiamd.gif" server="10.236.2.139/pdfs/" local="130573475142290227" remote="131544601200000000" Dst="0" />
<file name="bluered.gif" server="10.236.2.139/pdfs/" local="130573475142310232" remote="131544601200000000" Dst="0" />
<file name="blusqare.gif" server="10.236.2.139/pdfs/" local="130573475142330245" remote="131544601200000000" Dst="0" />
<file name="blustar.gif" server="10.236.2.139/pdfs/" local="130573475142360265" remote="131544601200000000" Dst="0" />
<file name="coffee_1.gif" server="10.236.2.139/pdfs/" local="130573475142380278" remote="131544601200000000" Dst="0" />
<file name="coffee_2.gif" server="10.236.2.139/pdfs/" local="130573475142400291" remote="131544601200000000" Dst="0" />
<file name="coffee_3.gif" server="10.236.2.139/pdfs/" local="130573475142410298" remote="131544601200000000" Dst="0" />
<file name="coffee_4.gif" server="10.236.2.139/pdfs/" local="130573475142430311" remote="131544601200000000" Dst="0" />
<file name="coffee_5.gif" server="10.236.2.139/pdfs/" local="130573475142450316" remote="131544601200000000" Dst="0" />
<file name="con-blue.gif" server="10.236.2.139/pdfs/" local="130573475142460331" remote="131544601200000000" Dst="0" />
<file name="con-cyan.gif" server="10.236.2.139/pdfs/" local="130573475142480344" remote="131544601200000000" Dst="0" />
<file name="con-green.gif" server="10.236.2.139/pdfs/" local="130573475142500349" remote="131544601200000000" Dst="0" />
<file name="con-lilac.gif" server="10.236.2.139/pdfs/" local="130573475142510368" remote="131544601200000000" Dst="0" />
<file name="con-oran.gif" server="10.236.2.139/pdfs/" local="130573475142530377" remote="131544601200000000" Dst="0" />
<file name="con-pink.gif" server="10.236.2.139/pdfs/" local="130573475142550391" remote="131544601200000000" Dst="0" />
<file name="con-yellow.gif" server="10.236.2.139/pdfs/" local="130573475142580398" remote="131544601200000000" Dst="0" />
<file name="con-red.gif" server="10.236.2.139/pdfs/" local="130573475142560397" remote="131544601200000000" Dst="0" />
<file name="corner_1.gif" server="10.236.2.139/pdfs/" local="130573475142600411" remote="131544601200000000" Dst="0" />
<file name="corner_2.gif" server="10.236.2.139/pdfs/" local="130573475142620433" remote="131544601200000000" Dst="0" />
<file name="corner_3.gif" server="10.236.2.139/pdfs/" local="130573475142630440" remote="131544601200000000" Dst="0" />
<file name="corner_4.gif" server="10.236.2.139/pdfs/" local="130573475142650453" remote="131544601200000000" Dst="0" />
<file name="darkball.gif" server="10.236.2.139/pdfs/" local="130573475142660459" remote="131544601200000000" Dst="0" />
<file name="darkblue.gif" server="10.236.2.139/pdfs/" local="130573475142680486" remote="131544601200000000" Dst="0" />
<file name="gldpearl.gif" server="10.236.2.139/pdfs/" local="130573475142700490" remote="131544601200000000" Dst="0" />
<file name="golfball.gif" server="10.236.2.139/pdfs/" local="130573475142710505" remote="131544601200000000" Dst="0" />
<file name="grnarrow.gif" server="10.236.2.139/pdfs/" local="130573475142730519" remote="131544601200000000" Dst="0" />
<file name="grnball.gif" server="10.236.2.139/pdfs/" local="130573475142750523" remote="131544601200000000" Dst="0" />
<file name="grndiamd.gif" server="10.236.2.139/pdfs/" local="130573475142760530" remote="131544601200000000" Dst="0" />
<file name="grnpearl.gif" server="10.236.2.139/pdfs/" local="130573475142790546" remote="131544601200000000" Dst="0" />
<file name="grnsqare.gif" server="10.236.2.139/pdfs/" local="130573475142810559" remote="131544601200000000" Dst="0" />
<file name="grnstar.gif" server="10.236.2.139/pdfs/" local="130573475142830572" remote="131544601200000000" Dst="0" />
<file name="gryarrow.gif" server="10.236.2.139/pdfs/" local="130573475142850585" remote="131544601200000000" Dst="0" />
<file name="gryball.gif" server="10.236.2.139/pdfs/" local="130573475142860592" remote="131544601200000000" Dst="0" />
<file name="grydiamd.gif" server="10.236.2.139/pdfs/" local="130573475142880605" remote="131544601200000000" Dst="0" />
<file name="grysqare.gif" server="10.236.2.139/pdfs/" local="130573475142890612" remote="131544601200000000" Dst="0" />
<file name="grystar.gif" server="10.236.2.139/pdfs/" local="130573475142910625" remote="131544601200000000" Dst="0" />
<file name="orgarrow.gif" server="10.236.2.139/pdfs/" local="130573475142930651" remote="131544601200000000" Dst="0" />
<file name="orgball.gif" server="10.236.2.139/pdfs/" local="130573475142940662" remote="131544601200000000" Dst="0" />
<file name="orgdiamd.gif" server="10.236.2.139/pdfs/" local="130573475142960663" remote="131544601200000000" Dst="0" />
<file name="orgsqare.gif" server="10.236.2.139/pdfs/" local="130573475142980672" remote="131544601200000000" Dst="0" />
<file name="orgstar.gif" server="10.236.2.139/pdfs/" local="130573475143000681" remote="131544601200000000" Dst="0" />
<file name="pebble_1.gif" server="10.236.2.139/pdfs/" local="130573475143010696" remote="131544601200000000" Dst="0" />
<file name="pebble_2.gif" server="10.236.2.139/pdfs/" local="130573475143030705" remote="131544601200000000" Dst="0" />
<file name="pebble_3.gif" server="10.236.2.139/pdfs/" local="130573475143050718" remote="131544601200000000" Dst="0" />
<file name="poliball.gif" server="10.236.2.139/pdfs/" local="130573475143060725" remote="131544601200000000" Dst="0" />
<file name="popcorn_1.gif" server="10.236.2.139/pdfs/" local="130573475143080751" remote="131544601200000000" Dst="0" />
<file name="popcorn_2.gif" server="10.236.2.139/pdfs/" local="130573475143100764" remote="131544601200000000" Dst="0" />
<file name="rainbow.gif" server="10.236.2.139/pdfs/" local="130573475143120769" remote="131544601200000000" Dst="0" />
<file name="redarrow.gif" server="10.236.2.139/pdfs/" local="130573475143140782" remote="131544601200000000" Dst="0" />
<file name="redball.gif" server="10.236.2.139/pdfs/" local="130573475143160791" remote="131544601200000000" Dst="0" />
<file name="reddiamd.gif" server="10.236.2.139/pdfs/" local="130573475143170798" remote="131544601200000000" Dst="0" />
<file name="redsqare.gif" server="10.236.2.139/pdfs/" local="130573475143190811" remote="131544601200000000" Dst="0" />
<file name="redstar.gif" server="10.236.2.139/pdfs/" local="130573475143210824" remote="131544601200000000" Dst="0" />
<file name="whtpearl.gif" server="10.236.2.139/pdfs/" local="130573475143220831" remote="131544601200000000" Dst="0" />
<file name="ylwarrow.gif" server="10.236.2.139/pdfs/" local="130573475143240844" remote="131544601200000000" Dst="0" />
<file name="ylwball.gif" server="10.236.2.139/pdfs/" local="130573475143260870" remote="131544601200000000" Dst="0" />
<file name="ylwdiamd.gif" server="10.236.2.139/pdfs/" local="130573475143270877" remote="131544601200000000" Dst="0" />
<file name="ylwsqare.gif" server="10.236.2.139/pdfs/" local="130573475143290890" remote="131544601200000000" Dst="0" />
<file name="ylwstar.gif" server="10.236.2.139/pdfs/" local="130573475143310908" remote="131544601200000000" Dst="0" />
<file name="blkpearl.gif" server="10.90.30.210/pdfs/" local="130573475142250200" remote="131545585800000000" Dst="0" />
<file name="bluarrow.gif" server="10.90.30.210/pdfs/" local="130573475142260207" remote="131545585800000000" Dst="0" />
<file name="bluball.gif" server="10.90.30.210/pdfs/" local="130573475142280220" remote="131545585800000000" Dst="0" />
<file name="bludiamd.gif" server="10.90.30.210/pdfs/" local="130573475142290227" remote="131545585800000000" Dst="0" />
<file name="bluered.gif" server="10.90.30.210/pdfs/" local="130573475142310232" remote="131545585800000000" Dst="0" />
<file name="blusqare.gif" server="10.90.30.210/pdfs/" local="130573475142330245" remote="131545585800000000" Dst="0" />
<file name="blustar.gif" server="10.90.30.210/pdfs/" local="130573475142360265" remote="131545585800000000" Dst="0" />
<file name="coffee_1.gif" server="10.90.30.210/pdfs/" local="130573475142380278" remote="131545585800000000" Dst="0" />
<file name="coffee_2.gif" server="10.90.30.210/pdfs/" local="130573475142400291" remote="131545585800000000" Dst="0" />
<file name="coffee_3.gif" server="10.90.30.210/pdfs/" local="130573475142410298" remote="131545585800000000" Dst="0" />
<file name="coffee_4.gif" server="10.90.30.210/pdfs/" local="130573475142430311" remote="131545585800000000" Dst="0" />
<file name="coffee_5.gif" server="10.90.30.210/pdfs/" local="130573475142450316" remote="131545585800000000" Dst="0" />
<file name="con-blue.gif" server="10.90.30.210/pdfs/" local="130573475142460331" remote="131545585800000000" Dst="0" />
<file name="con-cyan.gif" server="10.90.30.210/pdfs/" local="130573475142480344" remote="131545585800000000" Dst="0" />
<file name="con-green.gif" server="10.90.30.210/pdfs/" local="130573475142500349" remote="131545585800000000" Dst="0" />
<file name="con-lilac.gif" server="10.90.30.210/pdfs/" local="130573475142510368" remote="131545585800000000" Dst="0" />
<file name="con-oran.gif" server="10.90.30.210/pdfs/" local="130573475142530377" remote="131545585800000000" Dst="0" />
<file name="con-pink.gif" server="10.90.30.210/pdfs/" local="130573475142550391" remote="131545585800000000" Dst="0" />
<file name="con-red.gif" server="10.90.30.210/pdfs/" local="130573475142560397" remote="131545585800000000" Dst="0" />
<file name="con-yellow.gif" server="10.90.30.210/pdfs/" local="130573475142580398" remote="131545585800000000" Dst="0" />
<file name="corner_1.gif" server="10.90.30.210/pdfs/" local="130573475142600411" remote="131545585800000000" Dst="0" />
<file name="corner_2.gif" server="10.90.30.210/pdfs/" local="130573475142620433" remote="131545585800000000" Dst="0" />
<file name="corner_3.gif" server="10.90.30.210/pdfs/" local="130573475142630440" remote="131545585800000000" Dst="0" />
<file name="corner_4.gif" server="10.90.30.210/pdfs/" local="130573475142650453" remote="131545585800000000" Dst="0" />
<file name="darkball.gif" server="10.90.30.210/pdfs/" local="130573475142660459" remote="131545585800000000" Dst="0" />
<file name="darkblue.gif" server="10.90.30.210/pdfs/" local="130573475142680486" remote="131545585800000000" Dst="0" />
<file name="gldpearl.gif" server="10.90.30.210/pdfs/" local="130573475142700490" remote="131545585800000000" Dst="0" />
<file name="golfball.gif" server="10.90.30.210/pdfs/" local="130573475142710505" remote="131545585800000000" Dst="0" />
<file name="grnarrow.gif" server="10.90.30.210/pdfs/" local="130573475142730519" remote="131545585800000000" Dst="0" />
<file name="grnball.gif" server="10.90.30.210/pdfs/" local="130573475142750523" remote="131545585800000000" Dst="0" />
<file name="grndiamd.gif" server="10.90.30.210/pdfs/" local="130573475142760530" remote="131545585800000000" Dst="0" />
<file name="grnpearl.gif" server="10.90.30.210/pdfs/" local="130573475142790546" remote="131545585800000000" Dst="0" />
<file name="grnsqare.gif" server="10.90.30.210/pdfs/" local="130573475142810559" remote="131545585800000000" Dst="0" />
<file name="grnstar.gif" server="10.90.30.210/pdfs/" local="130573475142830572" remote="131545585800000000" Dst="0" />
<file name="gryarrow.gif" server="10.90.30.210/pdfs/" local="130573475142850585" remote="131545585800000000" Dst="0" />
<file name="gryball.gif" server="10.90.30.210/pdfs/" local="130573475142860592" remote="131545585800000000" Dst="0" />
<file name="grydiamd.gif" server="10.90.30.210/pdfs/" local="130573475142880605" remote="131545585800000000" Dst="0" />
<file name="grysqare.gif" server="10.90.30.210/pdfs/" local="130573475142890612" remote="131545585800000000" Dst="0" />
<file name="grystar.gif" server="10.90.30.210/pdfs/" local="130573475142910625" remote="131545585800000000" Dst="0" />
<file name="orgarrow.gif" server="10.90.30.210/pdfs/" local="130573475142930651" remote="131545585800000000" Dst="0" />
<file name="orgball.gif" server="10.90.30.210/pdfs/" local="130573475142940662" remote="131545585800000000" Dst="0" />
<file name="orgdiamd.gif" server="10.90.30.210/pdfs/" local="130573475142960663" remote="131545585800000000" Dst="0" />
<file name="orgsqare.gif" server="10.90.30.210/pdfs/" local="130573475142980672" remote="131545585800000000" Dst="0" />
<file name="orgstar.gif" server="10.90.30.210/pdfs/" local="130573475143000681" remote="131545585800000000" Dst="0" />
<file name="pebble_1.gif" server="10.90.30.210/pdfs/" local="130573475143010696" remote="131545585800000000" Dst="0" />
<file name="pebble_2.gif" server="10.90.30.210/pdfs/" local="130573475143030705" remote="131545585800000000" Dst="0" />
<file name="pebble_3.gif" server="10.90.30.210/pdfs/" local="130573475143050718" remote="131545585800000000" Dst="0" />
<file name="poliball.gif" server="10.90.30.210/pdfs/" local="130573475143060725" remote="131545585800000000" Dst="0" />
<file name="popcorn_1.gif" server="10.90.30.210/pdfs/" local="130573475143080751" remote="131545585800000000" Dst="0" />
<file name="popcorn_2.gif" server="10.90.30.210/pdfs/" local="130573475143100764" remote="131545585800000000" Dst="0" />
<file name="rainbow.gif" server="10.90.30.210/pdfs/" local="130573475143120769" remote="131545585800000000" Dst="0" />
<file name="redarrow.gif" server="10.90.30.210/pdfs/" local="130573475143140782" remote="131545585800000000" Dst="0" />
<file name="redball.gif" server="10.90.30.210/pdfs/" local="130573475143160791" remote="131545585800000000" Dst="0" />
<file name="reddiamd.gif" server="10.90.30.210/pdfs/" local="130573475143170798" remote="131545585800000000" Dst="0" />
<file name="redsqare.gif" server="10.90.30.210/pdfs/" local="130573475143190811" remote="131545585800000000" Dst="0" />
<file name="whtpearl.gif" server="10.90.30.210/pdfs/" local="130573475143220831" remote="131545585800000000" Dst="0" />
<file name="redstar.gif" server="10.90.30.210/pdfs/" local="130573475143210824" remote="131545585800000000" Dst="0" />
<file name="ylwarrow.gif" server="10.90.30.210/pdfs/" local="130573475143240844" remote="131545585800000000" Dst="0" />
<file name="ylwball.gif" server="10.90.30.210/pdfs/" local="130573475143260870" remote="131545585800000000" Dst="0" />
<file name="ylwdiamd.gif" server="10.90.30.210/pdfs/" local="130573475143270877" remote="131545585800000000" Dst="0" />
<file name="ylwsqare.gif" server="10.90.30.210/pdfs/" local="130573475143290890" remote="131545585800000000" Dst="0" />
<file name="ylwstar.gif" server="10.90.30.210/pdfs/" local="130573475143310908" remote="131545585800000000" Dst="0" />
</dwsync>