<?xml version="1.0" encoding="utf-8" ?>
<dwsync>
<file name="fpdf.css" server="D:/Programas/xampp2/htdocs/york/repopdf/" local="130573475101496761" remote="130573475100000000" Dst="0" />
<file name="fpdf.php" server="D:/Programas/xampp2/htdocs/york/repopdf/" local="130573475101516774" remote="130573475100000000" Dst="0" />
<file name="fpdf.css" server="10.236.2.139/pdfs/" local="130573475101496761" remote="131544601200000000" Dst="0" />
<file name="fpdf.php" server="10.236.2.139/pdfs/" local="130573475101516774" remote="131544601200000000" Dst="0" />
<file name="conexion.inc" server="10.236.2.139/pdfs/" local="131544609392078503" remote="131544609000000000" Dst="0" />
<file name="conexion2.inc" server="10.236.2.139/pdfs/" local="131545487169238954" remote="131545496400000000" Dst="0" />
<file name="conexion.inc" server="10.90.30.210/pdfs/" local="131544609392078503" remote="131545585800000000" Dst="0" />
<file name="conexion2.inc" server="10.90.30.210/pdfs/" local="131545487169238954" remote="131545585800000000" Dst="0" />
<file name="fpdf.css" server="10.90.30.210/pdfs/" local="130573475101496761" remote="131545585800000000" Dst="0" />
<file name="fpdf.php" server="10.90.30.210/pdfs/" local="130573475101516774" remote="131545585800000000" Dst="0" />
</dwsync>